"site","date","transect","quadrat","vertical_dist","snail_number","quadrat_area_m2","snail_density"
"hornby",2018-05-17,"1",1,1.75,110,0.2401,458.142440649729
"hornby",2018-05-17,"1",2,3.5,43,0.2401,179.092044981258
"hornby",2018-05-17,"1",3,7.95,62,0.0961,645.161290322581
"hornby",2018-05-17,"1",4,10.58,23,0.2401,95.7934194085798
"hornby",2018-05-17,"1",5,15.3,62,0.2401,258.225739275302
"hornby",2018-05-17,"1",6,18.84,22,0.2401,91.6284881299459
"hornby",2018-05-17,"1",7,21.23,0,0.2401,0
"hornby",2018-05-17,"1",8,25.08,0,0.2401,0
"hornby",2018-05-17,"1",9,29.76,4,0.0961,41.6233090530697
"hornby",2018-05-17,"1",10,32.79,8,0.2401,33.3194502290712
"hornby",2018-05-17,"2",1,0.76,39,0.0961,405.82726326743
"hornby",2018-05-17,"2",2,4.59,46,0.0961,478.668054110302
"hornby",2018-05-17,"2",3,8.49,5,0.2401,20.8246563931695
"hornby",2018-05-17,"2",4,12.51,8,0.2401,33.3194502290712
"hornby",2018-05-17,"2",5,17.22,0,0.0961,0
"hornby",2018-05-17,"2",6,19.51,0,0.0961,0
"hornby",2018-05-17,"2",7,22.96,17,0.2401,70.8038317367763
"hornby",2018-05-17,"2",8,27.66,28,0.2401,116.618075801749
"hornby",2018-05-17,"2",9,30.98,12,0.0961,124.869927159209
"hornby",2018-05-17,"2",10,33.41,51,0.2401,212.411495210329
"hornby",2018-05-17,"3",1,1.46,27,0.0961,280.957336108221
"hornby",2018-05-17,"3",2,6.88,102,0.0961,1061.39438085328
"hornby",2018-05-17,"3",3,10.4,46,0.0961,478.668054110302
"hornby",2018-05-17,"3",4,13.25,67,0.0961,697.190426638918
"hornby",2018-05-17,"3",5,17.16,0,0.0961,0
"hornby",2018-05-17,"3",6,18.62,68,0.0961,707.596253902185
"hornby",2018-05-17,"3",7,21.06,4,0.0961,41.6233090530697
"hornby",2018-05-17,"3",8,26.72,1,0.2401,4.1649312786339
"hornby",2018-05-17,"3",9,31.05,75,0.0961,780.437044745057
"hornby",2018-05-17,"3",10,33.73,181,0.0961,1883.4547346514
"deep",2018-05-18,"1",1,9.35,86,0.0961,894.901144640999
"deep",2018-05-18,"1",2,13.75,75,0.0961,780.437044745057
"deep",2018-05-18,"1",3,24.1,66,0.0961,686.78459937565
"deep",2018-05-18,"1",4,31.1,63,0.0961,655.567117585848
"deep",2018-05-18,"1",5,46.38,112,0.0961,1165.45265348595
"deep",2018-05-18,"1",6,56.87,59,0.0961,613.943808532778
"deep",2018-05-18,"1",7,61.41,89,0.0961,926.118626430801
"deep",2018-05-18,"1",8,76.61,68,0.0961,707.596253902185
"deep",2018-05-18,"1",9,83.74,26,0.0961,270.551508844953
"deep",2018-05-18,"1",10,97.32,26,0.2401,108.288213244481
"deep",2018-05-18,"2",1,1.1,86,0.0961,894.901144640999
"deep",2018-05-18,"2",2,14.16,86,0.0961,894.901144640999
"deep",2018-05-18,"2",3,26.89,94,0.0961,978.147762747138
"deep",2018-05-18,"2",4,36.52,47,0.0961,489.073881373569
"deep",2018-05-18,"2",5,49.11,34,0.0961,353.798126951093
"deep",2018-05-18,"2",6,54.31,21,0.0961,218.522372528616
"deep",2018-05-18,"2",7,61.07,46,0.0961,478.668054110302
"deep",2018-05-18,"2",8,73.11,35,0.0961,364.20395421436
"deep",2018-05-18,"2",9,81.52,158,0.0961,1644.12070759625
"deep",2018-05-18,"2",10,98.59,22,0.0961,228.928199791883
"deep",2018-05-18,"3",1,3.33,66,0.0961,686.78459937565
"deep",2018-05-18,"3",2,17.13,166,0.0961,1727.36732570239
"deep",2018-05-18,"3",3,26.75,114,0.0961,1186.26430801249
"deep",2018-05-18,"3",4,39.24,103,0.0961,1071.80020811655
"deep",2018-05-18,"3",5,47.37,123,0.0961,1279.91675338189
"deep",2018-05-18,"3",6,58.95,47,0.0961,489.073881373569
"deep",2018-05-18,"3",7,67.97,41,0.0961,426.638917793965
"deep",2018-05-18,"3",8,72.99,67,0.0961,697.190426638918
"deep",2018-05-18,"3",9,87.77,45,0.0961,468.262226847034
"deep",2018-05-18,"3",10,98.54,3,0.2401,12.4947938359017
"rath",2018-05-18,"1",1,2.52,67,0.0961,697.190426638918
"rath",2018-05-18,"1",2,11.47,56,0.0961,582.726326742976
"rath",2018-05-18,"1",3,28.95,36,0.0961,374.609781477627
"rath",2018-05-18,"1",4,34.35,32,0.0961,332.986472424558
"rath",2018-05-18,"1",5,42.55,20,0.0961,208.116545265349
"rath",2018-05-18,"1",6,58.32,3,0.0961,31.2174817898023
"rath",2018-05-18,"1",7,60.49,8,0.0961,83.2466181061394
"rath",2018-05-18,"1",8,72.07,3,0.0961,31.2174817898023
"rath",2018-05-18,"1",9,84,6,0.0961,62.4349635796046
"rath",2018-05-18,"1",10,95.33,5,0.0961,52.0291363163371
"rath",2018-05-18,"2",1,6.71,63,0.0961,655.567117585848
"rath",2018-05-18,"2",2,14.69,27,0.0961,280.957336108221
"rath",2018-05-18,"2",3,20.06,55,0.0961,572.320499479709
"rath",2018-05-18,"2",4,36.54,33,0.0961,343.392299687825
"rath",2018-05-18,"2",5,43.44,27,0.0961,280.957336108221
"rath",2018-05-18,"2",6,50.63,1,0.0961,10.4058272632674
"rath",2018-05-18,"2",7,60.97,13,0.0961,135.275754422477
"rath",2018-05-18,"2",8,72.38,15,0.0961,156.087408949011
"rath",2018-05-18,"2",9,87.84,6,0.0961,62.4349635796046
"rath",2018-05-18,"2",10,90.06,3,0.2401,12.4947938359017
"rath",2018-05-18,"3",1,2.97,63,0.0961,655.567117585848
"rath",2018-05-18,"3",2,17.56,10,0.0961,104.058272632674
"rath",2018-05-18,"3",3,20.04,15,0.0961,156.087408949011
"rath",2018-05-18,"3",4,39.73,8,0.0961,83.2466181061394
"rath",2018-05-18,"3",5,45,4,0.0961,41.6233090530697
"rath",2018-05-18,"3",6,56.4,5,0.0961,52.0291363163371
"rath",2018-05-18,"3",7,61.54,11,0.0961,114.464099895942
"rath",2018-05-18,"3",8,74.46,9,0.0961,93.6524453694069
"rath",2018-05-18,"3",9,83.69,18,0.0961,187.304890738814
"rath",2018-05-18,"3",10,96.14,3,0.0961,31.2174817898023
"padilla",2018-05-21,"1",1,11.45,77,0.0961,801.248699271592
"padilla",2018-05-21,"1",2,26.39,97,0.0961,1009.36524453694
"padilla",2018-05-21,"1",3,59.53,155,0.0961,1612.90322580645
"padilla",2018-05-21,"1",4,69.8,113,0.0961,1175.85848074922
"padilla",2018-05-21,"1",5,98.35,53,0.0961,551.508844953174
"padilla",2018-05-21,"1",6,116.92,44,0.0961,457.856399583767
"padilla",2018-05-21,"1",7,134.86,31,0.0961,322.58064516129
"padilla",2018-05-21,"1",8,149.08,48,0.0961,499.479708636837
"padilla",2018-05-21,"1",9,165.11,21,0.0961,218.522372528616
"padilla",2018-05-21,"1",10,186.88,26,0.0961,270.551508844953
"padilla",2018-05-21,"2",1,18.01,128,0.0961,1331.94588969823
"padilla",2018-05-21,"2",2,28.88,85,0.0961,884.495317377731
"padilla",2018-05-21,"2",3,51.28,140,0.0961,1456.81581685744
"padilla",2018-05-21,"2",4,75.18,115,0.0961,1196.67013527575
"padilla",2018-05-21,"2",5,89.18,97,0.0961,1009.36524453694
"padilla",2018-05-21,"2",6,105.3,58,0.0961,603.537981269511
"padilla",2018-05-21,"2",7,137.04,21,0.0961,218.522372528616
"padilla",2018-05-21,"2",8,149.06,23,0.0961,239.334027055151
"padilla",2018-05-21,"2",9,170.2,26,0.0961,270.551508844953
"padilla",2018-05-21,"2",10,195.07,13,0.0961,135.275754422477
"padilla",2018-05-21,"3",1,10.33,87,0.0961,905.306971904266
"padilla",2018-05-21,"3",2,29.65,121,0.0961,1259.10509885536
"padilla",2018-05-21,"3",3,52.73,82,0.0961,853.277835587929
"padilla",2018-05-21,"3",4,65.69,101,0.0961,1050.98855359001
"padilla",2018-05-21,"3",5,87.31,91,0.0961,946.930280957336
"padilla",2018-05-21,"3",6,120.37,74,0.0961,770.03121748179
"padilla",2018-05-21,"3",7,139.58,70,0.0961,728.40790842872
"padilla",2018-05-21,"3",8,144.69,64,0.0961,665.972944849115
"padilla",2018-05-21,"3",9,164.54,56,0.0961,582.726326742976
"padilla",2018-05-21,"3",10,194.81,26,0.0961,270.551508844953
"crescent",2018-05-25,"1",1,12.73,4,0.0961,41.6233090530697
"crescent",2018-05-25,"1",2,29.69,10,0.0961,104.058272632674
"crescent",2018-05-25,"1",3,44.82,13,0.0961,135.275754422477
"crescent",2018-05-25,"1",4,51.94,14,0.0961,145.681581685744
"crescent",2018-05-25,"1",5,79.88,5,0.0961,52.0291363163371
"crescent",2018-05-25,"1",6,99.23,1,0.2401,4.1649312786339
"crescent",2018-05-25,"1",7,103.3,1,0.0961,10.4058272632674
"crescent",2018-05-25,"1",8,140.17,23,0.0961,239.334027055151
"crescent",2018-05-25,"1",9,160.23,12,0.0961,124.869927159209
"crescent",2018-05-25,"1",10,185.7,3,0.0961,31.2174817898023
"crescent",2018-05-25,"2",1,7.61,17,0.0961,176.899063475546
"crescent",2018-05-25,"2",2,38,8,0.0961,83.2466181061394
"crescent",2018-05-25,"2",3,54.76,5,0.0961,52.0291363163371
"crescent",2018-05-25,"2",4,80.02,4,0.0961,41.6233090530697
"crescent",2018-05-25,"2",5,85.08,1,0.0961,10.4058272632674
"crescent",2018-05-25,"2",6,120.27,4,0.2401,16.6597251145356
"crescent",2018-05-25,"2",7,146.88,8,0.2401,33.3194502290712
"crescent",2018-05-25,"2",8,165.63,3,0.0961,31.2174817898023
"crescent",2018-05-25,"2",9,183.53,3,0.0961,31.2174817898023
"crescent",2018-05-25,"2",10,193.78,2,0.2401,8.32986255726781
"crescent",2018-05-25,"3",1,11.61,28,0.0961,291.363163371488
"crescent",2018-05-25,"3",2,30.48,12,0.0961,124.869927159209
"crescent",2018-05-25,"3",3,53.52,8,0.0961,83.2466181061394
"crescent",2018-05-25,"3",4,62.79,15,0.0961,156.087408949011
"crescent",2018-05-25,"3",5,83.84,4,0.0961,41.6233090530697
"crescent",2018-05-25,"3",6,101.38,6,0.0961,62.4349635796046
"crescent",2018-05-25,"3",7,122.03,8,0.0961,83.2466181061394
"crescent",2018-05-25,"3",8,160.53,4,0.0961,41.6233090530697
"crescent",2018-05-25,"3",9,179.15,3,0.0961,31.2174817898023
"crescent",2018-05-25,"3",10,186,3,0.0961,31.2174817898023
"valdes",2018-05-28,"1",1,0.31,4,0.0961,41.6233090530697
"valdes",2018-05-28,"1",2,4.35,53,0.0961,551.508844953174
"valdes",2018-05-28,"1",3,7.37,41,0.0961,426.638917793965
"valdes",2018-05-28,"1",4,9.8,64,0.0961,665.972944849115
"valdes",2018-05-28,"1",5,10.57,58,0.0961,603.537981269511
"valdes",2018-05-28,"1",6,12.72,80,0.0961,832.466181061394
"valdes",2018-05-28,"1",7,17.42,67,0.0961,697.190426638918
"valdes",2018-05-28,"1",8,18.52,58,0.0961,603.537981269511
"valdes",2018-05-28,"1",9,22.93,56,0.0961,582.726326742976
"valdes",2018-05-28,"1",10,24.37,54,0.0961,561.914672216441
"valdes",2018-05-28,"2",1,2.28,108,0.0961,1123.82934443288
"valdes",2018-05-28,"2",2,4.59,57,0.0961,593.132154006243
"valdes",2018-05-28,"2",3,6.74,62,0.0961,645.161290322581
"valdes",2018-05-28,"2",4,9.89,27,0.0961,280.957336108221
"valdes",2018-05-28,"2",5,11.22,64,0.0961,665.972944849115
"valdes",2018-05-28,"2",6,14.95,43,0.0961,447.450572320499
"valdes",2018-05-28,"2",7,15.72,60,0.0961,624.349635796046
"valdes",2018-05-28,"2",8,18.75,44,0.0961,457.856399583767
"valdes",2018-05-28,"2",9,22.27,38,0.0961,395.421436004162
"valdes",2018-05-28,"2",10,23.28,58,0.0961,603.537981269511
"valdes",2018-05-28,"3",1,0.89,57,0.0961,593.132154006243
"valdes",2018-05-28,"3",2,2.73,188,0.0961,1956.29552549428
"valdes",2018-05-28,"3",3,7.4,39,0.0961,405.82726326743
"valdes",2018-05-28,"3",4,8.25,82,0.0961,853.277835587929
"valdes",2018-05-28,"3",5,11.94,52,0.0961,541.103017689906
"valdes",2018-05-28,"3",6,14.99,45,0.0961,468.262226847034
"valdes",2018-05-28,"3",7,15.98,56,0.0961,582.726326742976
"valdes",2018-05-28,"3",8,18.84,95,0.0961,988.553590010406
"valdes",2018-05-28,"3",9,21.04,37,0.0961,385.015608740895
"valdes",2018-05-28,"3",10,23.79,43,0.0961,447.450572320499
"saltspring",2018-05-30,"1",1,9.59,3,0.0961,31.2174817898023
"saltspring",2018-05-30,"1",2,10.96,20,0.0961,208.116545265349
"saltspring",2018-05-30,"1",3,20.25,13,0.0961,135.275754422477
"saltspring",2018-05-30,"1",4,36.41,14,0.0961,145.681581685744
"saltspring",2018-05-30,"1",5,49.2,1,0.0961,10.4058272632674
"saltspring",2018-05-30,"1",6,51.8,3,0.0961,31.2174817898023
"saltspring",2018-05-30,"1",7,65.28,4,0.0961,41.6233090530697
"saltspring",2018-05-30,"1",8,78.52,3,0.0961,31.2174817898023
"saltspring",2018-05-30,"1",9,87.53,3,0.0961,31.2174817898023
"saltspring",2018-05-30,"1",10,90.91,5,0.0961,52.0291363163371
"saltspring",2018-05-30,"2",1,1.21,18,0.0961,187.304890738814
"saltspring",2018-05-30,"2",2,19.45,14,0.0961,145.681581685744
"saltspring",2018-05-30,"2",3,21.53,5,0.0961,52.0291363163371
"saltspring",2018-05-30,"2",4,39.16,13,0.0961,135.275754422477
"saltspring",2018-05-30,"2",5,42.42,13,0.0961,135.275754422477
"saltspring",2018-05-30,"2",6,54.61,9,0.0961,93.6524453694069
"saltspring",2018-05-30,"2",7,66.8,5,0.0961,52.0291363163371
"saltspring",2018-05-30,"2",8,77.51,1,0.0961,10.4058272632674
"saltspring",2018-05-30,"2",9,89.84,8,0.0961,83.2466181061394
"saltspring",2018-05-30,"2",10,96.25,2,0.0961,20.8116545265349
"saltspring",2018-05-30,"3",1,6.56,26,0.0961,270.551508844953
"saltspring",2018-05-30,"3",2,16.16,9,0.0961,93.6524453694069
"saltspring",2018-05-30,"3",3,23.35,9,0.0961,93.6524453694069
"saltspring",2018-05-30,"3",4,34.35,14,0.0961,145.681581685744
"saltspring",2018-05-30,"3",5,43.45,14,0.0961,145.681581685744
"saltspring",2018-05-30,"3",6,50.88,8,0.0961,83.2466181061394
"saltspring",2018-05-30,"3",7,69.14,4,0.0961,41.6233090530697
"saltspring",2018-05-30,"3",8,79.11,2,0.0961,20.8116545265349
"saltspring",2018-05-30,"3",9,85.82,5,0.0961,52.0291363163371
"saltspring",2018-05-30,"3",10,99.47,4,0.0961,41.6233090530697
"ladysmith",2018-05-31,"1",1,4.47,19,0.0961,197.710718002081
"ladysmith",2018-05-31,"1",2,38.06,26,0.0961,270.551508844953
"ladysmith",2018-05-31,"1",3,58.76,35,0.0961,364.20395421436
"ladysmith",2018-05-31,"1",4,75.68,4,0.0961,41.6233090530697
"ladysmith",2018-05-31,"1",5,82.94,14,0.0961,145.681581685744
"ladysmith",2018-05-31,"1",6,102.76,12,0.0961,124.869927159209
"ladysmith",2018-05-31,"1",7,136.96,16,0.0961,166.493236212279
"ladysmith",2018-05-31,"1",8,141.95,16,0.0961,166.493236212279
"ladysmith",2018-05-31,"1",9,175.57,29,0.0961,301.768990634755
"ladysmith",2018-05-31,"1",10,197.22,14,0.0961,145.681581685744
"ladysmith",2018-05-31,"2",1,1.37,17,0.0961,176.899063475546
"ladysmith",2018-05-31,"2",2,24.76,12,0.0961,124.869927159209
"ladysmith",2018-05-31,"2",3,51.73,27,0.0961,280.957336108221
"ladysmith",2018-05-31,"2",4,77.89,6,0.0961,62.4349635796046
"ladysmith",2018-05-31,"2",5,91.13,19,0.0961,197.710718002081
"ladysmith",2018-05-31,"2",6,118.43,19,0.0961,197.710718002081
"ladysmith",2018-05-31,"2",7,123.74,18,0.0961,187.304890738814
"ladysmith",2018-05-31,"2",8,144.25,18,0.0961,187.304890738814
"ladysmith",2018-05-31,"2",9,167,18,0.0961,187.304890738814
"ladysmith",2018-05-31,"2",10,187.67,15,0.0961,156.087408949011
"ladysmith",2018-05-31,"3",1,15.92,19,0.0961,197.710718002081
"ladysmith",2018-05-31,"3",2,43.94,19,0.0961,197.710718002081
"ladysmith",2018-05-31,"3",3,56.07,18,0.0961,187.304890738814
"ladysmith",2018-05-31,"3",4,78.28,4,0.0961,41.6233090530697
"ladysmith",2018-05-31,"3",5,97.95,15,0.0961,156.087408949011
"ladysmith",2018-05-31,"3",6,112.92,16,0.0961,166.493236212279
"ladysmith",2018-05-31,"3",7,127.5,26,0.0961,270.551508844953
"ladysmith",2018-05-31,"3",8,157.07,17,0.0961,176.899063475546
"ladysmith",2018-05-31,"3",9,173.17,17,0.0961,176.899063475546
"ladysmith",2018-05-31,"3",10,189.98,6,0.0961,62.4349635796046
"page",2018-05-31,"1",1,6.31,6,0.2401,24.9895876718034
"page",2018-05-31,"1",2,25.43,3,0.0961,31.2174817898023
"page",2018-05-31,"1",3,52.77,13,0.0961,135.275754422477
"page",2018-05-31,"1",4,70.19,11,0.0961,114.464099895942
"page",2018-05-31,"1",5,98.07,9,0.0961,93.6524453694069
"page",2018-05-31,"1",6,118.33,15,0.0961,156.087408949011
"page",2018-05-31,"1",7,131.4,37,0.0961,385.015608740895
"page",2018-05-31,"1",8,152.2,60,0.0961,624.349635796046
"page",2018-05-31,"1",9,178.74,93,0.0961,967.741935483871
"page",2018-05-31,"1",10,183.14,111,0.0961,1155.04682622268
"page",2018-05-31,"2",1,16.18,11,0.0961,114.464099895942
"page",2018-05-31,"2",2,27.72,7,0.0961,72.840790842872
"page",2018-05-31,"2",3,57.73,9,0.0961,93.6524453694069
"page",2018-05-31,"2",4,78.15,30,0.0961,312.174817898023
"page",2018-05-31,"2",5,82.67,33,0.0961,343.392299687825
"page",2018-05-31,"2",6,112.13,38,0.0961,395.421436004162
"page",2018-05-31,"2",7,138.94,90,0.0961,936.524453694069
"page",2018-05-31,"2",8,144.96,40,0.0961,416.233090530697
"page",2018-05-31,"2",9,174.65,109,0.0961,1134.23517169615
"page",2018-05-31,"2",10,197.66,85,0.0961,884.495317377731
"page",2018-05-31,"3",1,5.81,17,0.0961,176.899063475546
"page",2018-05-31,"3",2,38.08,11,0.0961,114.464099895942
"page",2018-05-31,"3",3,40.9,21,0.0961,218.522372528616
"page",2018-05-31,"3",4,63.49,16,0.0961,166.493236212279
"page",2018-05-31,"3",5,96.28,26,0.0961,270.551508844953
"page",2018-05-31,"3",6,111.57,41,0.0961,426.638917793965
"page",2018-05-31,"3",7,124.93,21,0.0961,218.522372528616
"page",2018-05-31,"3",8,142.58,48,0.0961,499.479708636837
"page",2018-05-31,"3",9,160.74,84,0.0961,874.089490114464
"page",2018-05-31,"3",10,196.36,98,0.0961,1019.77107180021
"lund",2018-06-10,"1",1,1.84,3,0.0961,31.2174817898023
"lund",2018-06-10,"1",2,3.79,20,0.0961,208.116545265349
"lund",2018-06-10,"1",3,4.51,38,0.0961,395.421436004162
"lund",2018-06-10,"1",4,6.23,54,0.0961,561.914672216441
"lund",2018-06-10,"1",5,9.87,42,0.0961,437.044745057232
"lund",2018-06-10,"1",6,11.7,37,0.2401,154.102457309454
"lund",2018-06-10,"1",7,13.7,15,0.0961,156.087408949011
"lund",2018-06-10,"1",8,14.8,22,0.0961,228.928199791883
"lund",2018-06-10,"1",9,16.55,26,0.0961,270.551508844953
"lund",2018-06-10,"1",10,18.16,37,0.0961,385.015608740895
"lund",2018-06-10,"2",1,1.14,24,0.0961,249.739854318418
"lund",2018-06-10,"2",2,3.37,7,0.0961,72.840790842872
"lund",2018-06-10,"2",3,5.43,77,0.2401,320.69970845481
"lund",2018-06-10,"2",4,7.46,10,0.0961,104.058272632674
"lund",2018-06-10,"2",5,8.52,12,0.0961,124.869927159209
"lund",2018-06-10,"2",6,10.65,29,0.0961,301.768990634755
"lund",2018-06-10,"2",7,12.62,6,0.2401,24.9895876718034
"lund",2018-06-10,"2",8,15.8,2,0.0961,20.8116545265349
"lund",2018-06-10,"2",9,17.49,11,0.0961,114.464099895942
"lund",2018-06-10,"2",10,18.4,23,0.0961,239.334027055151
"lund",2018-06-10,"3",1,0.12,19,0.0961,197.710718002081
"lund",2018-06-10,"3",2,3.83,33,0.0961,343.392299687825
"lund",2018-06-10,"3",3,4.35,34,0.0961,353.798126951093
"lund",2018-06-10,"3",4,6.3,14,0.0961,145.681581685744
"lund",2018-06-10,"3",5,9.4,9,0.0961,93.6524453694069
"lund",2018-06-10,"3",6,11.14,10,0.0961,104.058272632674
"lund",2018-06-10,"3",7,12.37,17,0.0961,176.899063475546
"lund",2018-06-10,"3",8,15.02,10,0.0961,104.058272632674
"lund",2018-06-10,"3",9,16.11,25,0.0961,260.145681581686
"lund",2018-06-10,"3",10,19.82,24,0.0961,249.739854318418
"blackie",2021-07-16,"1",44,129,0,0.04,0
"blackie",2021-07-16,"1",43,126,1,0.04,25
"blackie",2021-07-16,"1",42,123,0,0.04,0
"blackie",2021-07-16,"1",41,120,0,0.04,0
"blackie",2021-07-16,"1",40,117,0,0.04,0
"blackie",2021-07-16,"1",39,114,0,0.04,0
"blackie",2021-07-16,"1",38,111,0,0.04,0
"blackie",2021-07-16,"1",37,108,0,0.04,0
"blackie",2021-07-16,"1",36,105,1,0.04,25
"blackie",2021-07-16,"1",35,102,3,0.04,75
"blackie",2021-07-16,"1",35,102,NA,0.04,NA
"blackie",2021-07-16,"1",35,102,NA,0.04,NA
"blackie",2021-07-16,"1",34,99,1,0.04,25
"blackie",2021-07-16,"1",33,96,1,0.04,25
"blackie",2021-07-16,"1",32,93,3,0.04,75
"blackie",2021-07-16,"1",32,93,NA,0.04,NA
"blackie",2021-07-16,"1",32,93,NA,0.04,NA
"blackie",2021-07-16,"1",31,90,2,0.04,50
"blackie",2021-07-16,"1",31,90,NA,0.04,NA
"blackie",2021-07-16,"1",30,87,0,0.04,0
"blackie",2021-07-16,"1",29,84,2,0.04,50
"blackie",2021-07-16,"1",29,84,NA,0.04,NA
"blackie",2021-07-16,"1",28,81,0,0.04,0
"blackie",2021-07-16,"1",27,78,1,0.04,25
"blackie",2021-07-16,"1",26,75,1,0.04,25
"blackie",2021-07-16,"1",25,72,2,0.04,50
"blackie",2021-07-16,"1",25,72,NA,0.04,NA
"blackie",2021-07-16,"1",24,69,5,0.04,125
"blackie",2021-07-16,"1",24,69,NA,0.04,NA
"blackie",2021-07-16,"1",24,69,NA,0.04,NA
"blackie",2021-07-16,"1",24,69,NA,0.04,NA
"blackie",2021-07-16,"1",24,69,NA,0.04,NA
"blackie",2021-07-16,"1",23,66,5,0.04,125
"blackie",2021-07-16,"1",23,66,NA,0.04,NA
"blackie",2021-07-16,"1",23,66,NA,0.04,NA
"blackie",2021-07-16,"1",23,66,NA,0.04,NA
"blackie",2021-07-16,"1",23,66,NA,0.04,NA
"blackie",2021-07-16,"1",22,63,1,0.04,25
"blackie",2021-07-16,"1",21,60,2,0.04,50
"blackie",2021-07-16,"1",21,60,NA,0.04,NA
"blackie",2021-07-16,"1",20,57,6,0.04,150
"blackie",2021-07-16,"1",20,57,NA,0.04,NA
"blackie",2021-07-16,"1",20,57,NA,0.04,NA
"blackie",2021-07-16,"1",20,57,NA,0.04,NA
"blackie",2021-07-16,"1",20,57,NA,0.04,NA
"blackie",2021-07-16,"1",20,57,NA,0.04,NA
"blackie",2021-07-16,"1",19,54,6,0.04,150
"blackie",2021-07-16,"1",19,54,NA,0.04,NA
"blackie",2021-07-16,"1",19,54,NA,0.04,NA
"blackie",2021-07-16,"1",19,54,NA,0.04,NA
"blackie",2021-07-16,"1",19,54,NA,0.04,NA
"blackie",2021-07-16,"1",19,54,NA,0.04,NA
"blackie",2021-07-16,"1",18,51,7,0.04,175
"blackie",2021-07-16,"1",18,51,NA,0.04,NA
"blackie",2021-07-16,"1",18,51,NA,0.04,NA
"blackie",2021-07-16,"1",18,51,NA,0.04,NA
"blackie",2021-07-16,"1",18,51,NA,0.04,NA
"blackie",2021-07-16,"1",18,51,NA,0.04,NA
"blackie",2021-07-16,"1",18,51,NA,0.04,NA
"blackie",2021-07-16,"1",17,48,3,0.04,75
"blackie",2021-07-16,"1",17,48,NA,0.04,NA
"blackie",2021-07-16,"1",17,48,NA,0.04,NA
"blackie",2021-07-16,"1",16,45,10,0.04,250
"blackie",2021-07-16,"1",16,45,NA,0.04,NA
"blackie",2021-07-16,"1",16,45,NA,0.04,NA
"blackie",2021-07-16,"1",16,45,NA,0.04,NA
"blackie",2021-07-16,"1",16,45,NA,0.04,NA
"blackie",2021-07-16,"1",16,45,NA,0.04,NA
"blackie",2021-07-16,"1",16,45,NA,0.04,NA
"blackie",2021-07-16,"1",16,45,NA,0.04,NA
"blackie",2021-07-16,"1",16,45,NA,0.04,NA
"blackie",2021-07-16,"1",16,45,NA,0.04,NA
"blackie",2021-07-16,"1",15,42,5,0.04,125
"blackie",2021-07-16,"1",15,42,NA,0.04,NA
"blackie",2021-07-16,"1",15,42,NA,0.04,NA
"blackie",2021-07-16,"1",15,42,NA,0.04,NA
"blackie",2021-07-16,"1",15,42,NA,0.04,NA
"blackie",2021-07-16,"1",14,39,4,0.04,100
"blackie",2021-07-16,"1",14,39,NA,0.04,NA
"blackie",2021-07-16,"1",14,39,NA,0.04,NA
"blackie",2021-07-16,"1",14,39,NA,0.04,NA
"blackie",2021-07-16,"1",13,36,7,0.04,175
"blackie",2021-07-16,"1",13,36,NA,0.04,NA
"blackie",2021-07-16,"1",13,36,NA,0.04,NA
"blackie",2021-07-16,"1",13,36,NA,0.04,NA
"blackie",2021-07-16,"1",13,36,NA,0.04,NA
"blackie",2021-07-16,"1",13,36,NA,0.04,NA
"blackie",2021-07-16,"1",12,33,6,0.04,150
"blackie",2021-07-16,"1",12,33,NA,0.04,NA
"blackie",2021-07-16,"1",12,33,NA,0.04,NA
"blackie",2021-07-16,"1",12,33,NA,0.04,NA
"blackie",2021-07-16,"1",12,33,NA,0.04,NA
"blackie",2021-07-16,"1",12,33,NA,0.04,NA
"blackie",2021-07-16,"1",11,30,6,0.04,150
"blackie",2021-07-16,"1",11,30,NA,0.04,NA
"blackie",2021-07-16,"1",11,30,NA,0.04,NA
"blackie",2021-07-16,"1",11,30,NA,0.04,NA
"blackie",2021-07-16,"1",11,30,NA,0.04,NA
"blackie",2021-07-16,"1",11,30,NA,0.04,NA
"blackie",2021-07-16,"1",10,27,0,0.04,0
"blackie",2021-07-16,"1",9,24,2,0.04,50
"blackie",2021-07-16,"1",9,24,NA,0.04,NA
"blackie",2021-07-16,"1",8,21,3,0.04,75
"blackie",2021-07-16,"1",8,21,NA,0.04,NA
"blackie",2021-07-16,"1",8,21,NA,0.04,NA
"blackie",2021-07-16,"1",7,18,7,0.04,175
"blackie",2021-07-16,"1",7,18,NA,0.04,NA
"blackie",2021-07-16,"1",7,18,NA,0.04,NA
"blackie",2021-07-16,"1",7,18,NA,0.04,NA
"blackie",2021-07-16,"1",7,18,NA,0.04,NA
"blackie",2021-07-16,"1",7,18,NA,0.04,NA
"blackie",2021-07-16,"1",6,15,7,0.04,175
"blackie",2021-07-16,"1",6,15,NA,0.04,NA
"blackie",2021-07-16,"1",6,15,NA,0.04,NA
"blackie",2021-07-16,"1",6,15,NA,0.04,NA
"blackie",2021-07-16,"1",6,15,NA,0.04,NA
"blackie",2021-07-16,"1",6,15,NA,0.04,NA
"blackie",2021-07-16,"1",6,15,NA,0.04,NA
"blackie",2021-07-16,"1",5,12,46,0.04,1150
"blackie",2021-07-16,"1",5,12,NA,0.04,NA
"blackie",2021-07-16,"1",5,12,NA,0.04,NA
"blackie",2021-07-16,"1",5,12,NA,0.04,NA
"blackie",2021-07-16,"1",5,12,NA,0.04,NA
"blackie",2021-07-16,"1",5,12,NA,0.04,NA
"blackie",2021-07-16,"1",5,12,NA,0.04,NA
"blackie",2021-07-16,"1",5,12,NA,0.04,NA
"blackie",2021-07-16,"1",5,12,NA,0.04,NA
"blackie",2021-07-16,"1",5,12,NA,0.04,NA
"blackie",2021-07-16,"1",4,9,28,0.04,700
"blackie",2021-07-16,"1",4,9,NA,0.04,NA
"blackie",2021-07-16,"1",4,9,NA,0.04,NA
"blackie",2021-07-16,"1",4,9,NA,0.04,NA
"blackie",2021-07-16,"1",4,9,NA,0.04,NA
"blackie",2021-07-16,"1",4,9,NA,0.04,NA
"blackie",2021-07-16,"1",4,9,NA,0.04,NA
"blackie",2021-07-16,"1",4,9,NA,0.04,NA
"blackie",2021-07-16,"1",4,9,NA,0.04,NA
"blackie",2021-07-16,"1",4,9,NA,0.04,NA
"blackie",2021-07-16,"1",3,6,36,0.04,900
"blackie",2021-07-16,"1",3,6,NA,0.04,NA
"blackie",2021-07-16,"1",3,6,NA,0.04,NA
"blackie",2021-07-16,"1",3,6,NA,0.04,NA
"blackie",2021-07-16,"1",3,6,NA,0.04,NA
"blackie",2021-07-16,"1",3,6,NA,0.04,NA
"blackie",2021-07-16,"1",3,6,NA,0.04,NA
"blackie",2021-07-16,"1",3,6,NA,0.04,NA
"blackie",2021-07-16,"1",3,6,NA,0.04,NA
"blackie",2021-07-16,"1",3,6,NA,0.04,NA
"blackie",2021-07-16,"1",2,3,7,0.04,175
"blackie",2021-07-16,"1",2,3,NA,0.04,NA
"blackie",2021-07-16,"1",2,3,NA,0.04,NA
"blackie",2021-07-16,"1",2,3,NA,0.04,NA
"blackie",2021-07-16,"1",2,3,NA,0.04,NA
"blackie",2021-07-16,"1",2,3,NA,0.04,NA
"blackie",2021-07-16,"1",2,3,NA,0.04,NA
"blackie",2021-07-16,"1",1,0,8,0.04,200
"blackie",2021-07-16,"1",1,0,NA,0.04,NA
"blackie",2021-07-16,"1",1,0,NA,0.04,NA
"blackie",2021-07-16,"1",1,0,NA,0.04,NA
"blackie",2021-07-16,"1",1,0,NA,0.04,NA
"blackie",2021-07-16,"1",1,0,NA,0.04,NA
"blackie",2021-07-16,"1",1,0,NA,0.04,NA
"blackie",2021-07-16,"1",1,0,NA,0.04,NA
"blackie",2021-07-16,"2",48,141,0,0.04,0
"blackie",2021-07-16,"2",47,138,2,0.04,50
"blackie",2021-07-16,"2",47,138,NA,0.04,NA
"blackie",2021-07-16,"2",46,135,1,0.04,25
"blackie",2021-07-16,"2",45,132,0,0.04,0
"blackie",2021-07-16,"2",44,129,3,0.04,75
"blackie",2021-07-16,"2",44,129,NA,0.04,NA
"blackie",2021-07-16,"2",44,129,NA,0.04,NA
"blackie",2021-07-16,"2",43,126,3,0.04,75
"blackie",2021-07-16,"2",43,126,NA,0.04,NA
"blackie",2021-07-16,"2",43,126,NA,0.04,NA
"blackie",2021-07-16,"2",42,123,2,0.04,50
"blackie",2021-07-16,"2",42,123,NA,0.04,NA
"blackie",2021-07-16,"2",41,120,1,0.04,25
"blackie",2021-07-16,"2",40,117,4,0.04,100
"blackie",2021-07-16,"2",40,117,NA,0.04,NA
"blackie",2021-07-16,"2",40,117,NA,0.04,NA
"blackie",2021-07-16,"2",40,117,NA,0.04,NA
"blackie",2021-07-16,"2",39,114,6,0.04,150
"blackie",2021-07-16,"2",39,114,NA,0.04,NA
"blackie",2021-07-16,"2",39,114,NA,0.04,NA
"blackie",2021-07-16,"2",39,114,NA,0.04,NA
"blackie",2021-07-16,"2",39,114,NA,0.04,NA
"blackie",2021-07-16,"2",39,114,NA,0.04,NA
"blackie",2021-07-16,"2",38,111,2,0.04,50
"blackie",2021-07-16,"2",38,111,NA,0.04,NA
"blackie",2021-07-16,"2",37,108,0,0.04,0
"blackie",2021-07-16,"2",36,105,2,0.04,50
"blackie",2021-07-16,"2",36,105,NA,0.04,NA
"blackie",2021-07-16,"2",35,102,2,0.04,50
"blackie",2021-07-16,"2",35,102,NA,0.04,NA
"blackie",2021-07-16,"2",34,99,8,0.04,200
"blackie",2021-07-16,"2",34,99,NA,0.04,NA
"blackie",2021-07-16,"2",34,99,NA,0.04,NA
"blackie",2021-07-16,"2",34,99,NA,0.04,NA
"blackie",2021-07-16,"2",34,99,NA,0.04,NA
"blackie",2021-07-16,"2",34,99,NA,0.04,NA
"blackie",2021-07-16,"2",34,99,NA,0.04,NA
"blackie",2021-07-16,"2",34,99,NA,0.04,NA
"blackie",2021-07-16,"2",33,96,2,0.04,50
"blackie",2021-07-16,"2",33,96,NA,0.04,NA
"blackie",2021-07-16,"2",32,93,1,0.04,25
"blackie",2021-07-16,"2",31,90,3,0.04,75
"blackie",2021-07-16,"2",31,90,NA,0.04,NA
"blackie",2021-07-16,"2",31,90,NA,0.04,NA
"blackie",2021-07-16,"2",30,87,3,0.04,75
"blackie",2021-07-16,"2",30,87,NA,0.04,NA
"blackie",2021-07-16,"2",30,87,NA,0.04,NA
"blackie",2021-07-16,"2",29,84,4,0.04,100
"blackie",2021-07-16,"2",29,84,NA,0.04,NA
"blackie",2021-07-16,"2",29,84,NA,0.04,NA
"blackie",2021-07-16,"2",29,84,NA,0.04,NA
"blackie",2021-07-16,"2",28,81,0,0.04,0
"blackie",2021-07-16,"2",27,78,7,0.04,175
"blackie",2021-07-16,"2",27,78,NA,0.04,NA
"blackie",2021-07-16,"2",27,78,NA,0.04,NA
"blackie",2021-07-16,"2",27,78,NA,0.04,NA
"blackie",2021-07-16,"2",27,78,NA,0.04,NA
"blackie",2021-07-16,"2",27,78,NA,0.04,NA
"blackie",2021-07-16,"2",27,78,NA,0.04,NA
"blackie",2021-07-16,"2",26,75,5,0.04,125
"blackie",2021-07-16,"2",26,75,NA,0.04,NA
"blackie",2021-07-16,"2",26,75,NA,0.04,NA
"blackie",2021-07-16,"2",26,75,NA,0.04,NA
"blackie",2021-07-16,"2",26,75,NA,0.04,NA
"blackie",2021-07-16,"2",25,72,6,0.04,150
"blackie",2021-07-16,"2",25,72,NA,0.04,NA
"blackie",2021-07-16,"2",25,72,NA,0.04,NA
"blackie",2021-07-16,"2",25,72,NA,0.04,NA
"blackie",2021-07-16,"2",25,72,NA,0.04,NA
"blackie",2021-07-16,"2",25,72,NA,0.04,NA
"blackie",2021-07-16,"2",24,69,4,0.04,100
"blackie",2021-07-16,"2",24,69,NA,0.04,NA
"blackie",2021-07-16,"2",24,69,NA,0.04,NA
"blackie",2021-07-16,"2",24,69,NA,0.04,NA
"blackie",2021-07-16,"2",23,66,7,0.04,175
"blackie",2021-07-16,"2",23,66,NA,0.04,NA
"blackie",2021-07-16,"2",23,66,NA,0.04,NA
"blackie",2021-07-16,"2",23,66,NA,0.04,NA
"blackie",2021-07-16,"2",23,66,NA,0.04,NA
"blackie",2021-07-16,"2",23,66,NA,0.04,NA
"blackie",2021-07-16,"2",23,66,NA,0.04,NA
"blackie",2021-07-16,"2",22,63,10,0.04,250
"blackie",2021-07-16,"2",22,63,NA,0.04,NA
"blackie",2021-07-16,"2",22,63,NA,0.04,NA
"blackie",2021-07-16,"2",22,63,NA,0.04,NA
"blackie",2021-07-16,"2",22,63,NA,0.04,NA
"blackie",2021-07-16,"2",22,63,NA,0.04,NA
"blackie",2021-07-16,"2",22,63,NA,0.04,NA
"blackie",2021-07-16,"2",22,63,NA,0.04,NA
"blackie",2021-07-16,"2",22,63,NA,0.04,NA
"blackie",2021-07-16,"2",22,63,NA,0.04,NA
"blackie",2021-07-16,"2",21,60,6,0.04,150
"blackie",2021-07-16,"2",21,60,NA,0.04,NA
"blackie",2021-07-16,"2",21,60,NA,0.04,NA
"blackie",2021-07-16,"2",21,60,NA,0.04,NA
"blackie",2021-07-16,"2",21,60,NA,0.04,NA
"blackie",2021-07-16,"2",21,60,NA,0.04,NA
"blackie",2021-07-16,"2",20,57,3,0.04,75
"blackie",2021-07-16,"2",20,57,NA,0.04,NA
"blackie",2021-07-16,"2",20,57,NA,0.04,NA
"blackie",2021-07-16,"2",19,54,5,0.04,125
"blackie",2021-07-16,"2",19,54,NA,0.04,NA
"blackie",2021-07-16,"2",19,54,NA,0.04,NA
"blackie",2021-07-16,"2",19,54,NA,0.04,NA
"blackie",2021-07-16,"2",19,54,NA,0.04,NA
"blackie",2021-07-16,"2",18,51,5,0.04,125
"blackie",2021-07-16,"2",18,51,NA,0.04,NA
"blackie",2021-07-16,"2",18,51,NA,0.04,NA
"blackie",2021-07-16,"2",18,51,NA,0.04,NA
"blackie",2021-07-16,"2",18,51,NA,0.04,NA
"blackie",2021-07-16,"2",17,48,5,0.04,125
"blackie",2021-07-16,"2",17,48,NA,0.04,NA
"blackie",2021-07-16,"2",17,48,NA,0.04,NA
"blackie",2021-07-16,"2",17,48,NA,0.04,NA
"blackie",2021-07-16,"2",17,48,NA,0.04,NA
"blackie",2021-07-16,"2",16,45,3,0.04,75
"blackie",2021-07-16,"2",16,45,NA,0.04,NA
"blackie",2021-07-16,"2",16,45,NA,0.04,NA
"blackie",2021-07-16,"2",15,42,5,0.04,125
"blackie",2021-07-16,"2",15,42,NA,0.04,NA
"blackie",2021-07-16,"2",15,42,NA,0.04,NA
"blackie",2021-07-16,"2",15,42,NA,0.04,NA
"blackie",2021-07-16,"2",15,42,NA,0.04,NA
"blackie",2021-07-16,"2",14,39,4,0.04,100
"blackie",2021-07-16,"2",14,39,NA,0.04,NA
"blackie",2021-07-16,"2",14,39,NA,0.04,NA
"blackie",2021-07-16,"2",14,39,NA,0.04,NA
"blackie",2021-07-16,"2",13,36,4,0.04,100
"blackie",2021-07-16,"2",13,36,NA,0.04,NA
"blackie",2021-07-16,"2",13,36,NA,0.04,NA
"blackie",2021-07-16,"2",13,36,NA,0.04,NA
"blackie",2021-07-16,"2",12,33,3,0.04,75
"blackie",2021-07-16,"2",12,33,NA,0.04,NA
"blackie",2021-07-16,"2",12,33,NA,0.04,NA
"blackie",2021-07-16,"2",11,30,10,0.04,250
"blackie",2021-07-16,"2",11,30,NA,0.04,NA
"blackie",2021-07-16,"2",11,30,NA,0.04,NA
"blackie",2021-07-16,"2",11,30,NA,0.04,NA
"blackie",2021-07-16,"2",11,30,NA,0.04,NA
"blackie",2021-07-16,"2",11,30,NA,0.04,NA
"blackie",2021-07-16,"2",11,30,NA,0.04,NA
"blackie",2021-07-16,"2",11,30,NA,0.04,NA
"blackie",2021-07-16,"2",11,30,NA,0.04,NA
"blackie",2021-07-16,"2",11,30,NA,0.04,NA
"blackie",2021-07-16,"2",10,27,2,0.04,50
"blackie",2021-07-16,"2",10,27,NA,0.04,NA
"blackie",2021-07-16,"2",9,24,3,0.04,75
"blackie",2021-07-16,"2",9,24,NA,0.04,NA
"blackie",2021-07-16,"2",9,24,NA,0.04,NA
"blackie",2021-07-16,"2",8,21,0,0.04,0
"blackie",2021-07-16,"2",7,18,1,0.04,25
"blackie",2021-07-16,"2",6,15,1,0.04,25
"blackie",2021-07-16,"2",5,12,1,0.04,25
"blackie",2021-07-16,"2",4,9,1,0.04,25
"blackie",2021-07-16,"2",3,6,1,0.04,25
"blackie",2021-07-16,"2",2,3,1,0.04,25
"blackie",2021-07-16,"2",1,0,11,0.04,275
"blackie",2021-07-16,"2",1,0,NA,0.04,NA
"blackie",2021-07-16,"2",1,0,NA,0.04,NA
"blackie",2021-07-16,"2",1,0,NA,0.04,NA
"blackie",2021-07-16,"2",1,0,NA,0.04,NA
"blackie",2021-07-16,"2",1,0,NA,0.04,NA
"blackie",2021-07-16,"2",1,0,NA,0.04,NA
"blackie",2021-07-16,"2",1,0,NA,0.04,NA
"blackie",2021-07-16,"2",1,0,NA,0.04,NA
"blackie",2021-07-16,"2",1,0,NA,0.04,NA
"blackie",2021-07-16,"3",1,0,5,0.04,125
"blackie",2021-07-16,"3",1,0,NA,0.04,NA
"blackie",2021-07-16,"3",1,0,NA,0.04,NA
"blackie",2021-07-16,"3",1,0,NA,0.04,NA
"blackie",2021-07-16,"3",1,0,NA,0.04,NA
"blackie",2021-07-16,"3",2,3,0,0.04,0
"blackie",2021-07-16,"3",3,6,2,0.04,50
"blackie",2021-07-16,"3",3,6,NA,0.04,NA
"blackie",2021-07-16,"3",4,9,1,0.04,25
"blackie",2021-07-16,"3",5,12,1,0.04,25
"blackie",2021-07-16,"3",6,15,1,0.04,25
"blackie",2021-07-16,"3",7,18,2,0.04,50
"blackie",2021-07-16,"3",7,18,NA,0.04,NA
"blackie",2021-07-16,"3",8,21,3,0.04,75
"blackie",2021-07-16,"3",8,21,NA,0.04,NA
"blackie",2021-07-16,"3",8,21,NA,0.04,NA
"blackie",2021-07-16,"3",9,24,0,0.04,0
"blackie",2021-07-16,"3",10,27,7,0.04,175
"blackie",2021-07-16,"3",10,27,NA,0.04,NA
"blackie",2021-07-16,"3",10,27,NA,0.04,NA
"blackie",2021-07-16,"3",10,27,NA,0.04,NA
"blackie",2021-07-16,"3",10,27,NA,0.04,NA
"blackie",2021-07-16,"3",10,27,NA,0.04,NA
"blackie",2021-07-16,"3",10,27,NA,0.04,NA
"blackie",2021-07-16,"3",11,30,2,0.04,50
"blackie",2021-07-16,"3",11,30,NA,0.04,NA
"blackie",2021-07-16,"3",12,33,4,0.04,100
"blackie",2021-07-16,"3",12,33,NA,0.04,NA
"blackie",2021-07-16,"3",12,33,NA,0.04,NA
"blackie",2021-07-16,"3",12,33,NA,0.04,NA
"blackie",2021-07-16,"3",13,36,5,0.04,125
"blackie",2021-07-16,"3",13,36,NA,0.04,NA
"blackie",2021-07-16,"3",13,36,NA,0.04,NA
"blackie",2021-07-16,"3",13,36,NA,0.04,NA
"blackie",2021-07-16,"3",13,36,NA,0.04,NA
"blackie",2021-07-16,"3",14,39,3,0.04,75
"blackie",2021-07-16,"3",14,39,NA,0.04,NA
"blackie",2021-07-16,"3",14,39,NA,0.04,NA
"blackie",2021-07-16,"3",15,42,2,0.04,50
"blackie",2021-07-16,"3",15,42,NA,0.04,NA
"blackie",2021-07-16,"3",16,45,3,0.04,75
"blackie",2021-07-16,"3",16,45,NA,0.04,NA
"blackie",2021-07-16,"3",16,45,NA,0.04,NA
"blackie",2021-07-16,"3",17,48,5,0.04,125
"blackie",2021-07-16,"3",17,48,NA,0.04,NA
"blackie",2021-07-16,"3",17,48,NA,0.04,NA
"blackie",2021-07-16,"3",17,48,NA,0.04,NA
"blackie",2021-07-16,"3",17,48,NA,0.04,NA
"blackie",2021-07-16,"3",18,51,0,0.04,0
"blackie",2021-07-16,"3",19,54,1,0.04,25
"blackie",2021-07-16,"3",20,57,4,0.04,100
"blackie",2021-07-16,"3",20,57,NA,0.04,NA
"blackie",2021-07-16,"3",20,57,NA,0.04,NA
"blackie",2021-07-16,"3",20,57,NA,0.04,NA
"blackie",2021-07-16,"3",21,60,2,0.04,50
"blackie",2021-07-16,"3",21,60,NA,0.04,NA
"blackie",2021-07-16,"3",22,63,2,0.04,50
"blackie",2021-07-16,"3",22,63,NA,0.04,NA
"blackie",2021-07-16,"3",23,66,6,0.04,150
"blackie",2021-07-16,"3",23,66,NA,0.04,NA
"blackie",2021-07-16,"3",23,66,NA,0.04,NA
"blackie",2021-07-16,"3",23,66,NA,0.04,NA
"blackie",2021-07-16,"3",23,66,NA,0.04,NA
"blackie",2021-07-16,"3",23,66,NA,0.04,NA
"blackie",2021-07-16,"3",24,69,1,0.04,25
"blackie",2021-07-16,"3",25,72,7,0.04,175
"blackie",2021-07-16,"3",25,72,NA,0.04,NA
"blackie",2021-07-16,"3",25,72,NA,0.04,NA
"blackie",2021-07-16,"3",25,72,NA,0.04,NA
"blackie",2021-07-16,"3",25,72,NA,0.04,NA
"blackie",2021-07-16,"3",25,72,NA,0.04,NA
"blackie",2021-07-16,"3",25,72,NA,0.04,NA
"blackie",2021-07-16,"3",26,75,6,0.04,150
"blackie",2021-07-16,"3",26,75,NA,0.04,NA
"blackie",2021-07-16,"3",26,75,NA,0.04,NA
"blackie",2021-07-16,"3",26,75,NA,0.04,NA
"blackie",2021-07-16,"3",26,75,NA,0.04,NA
"blackie",2021-07-16,"3",26,75,NA,0.04,NA
"blackie",2021-07-16,"3",27,78,1,0.04,25
"blackie",2021-07-16,"3",28,81,4,0.04,100
"blackie",2021-07-16,"3",28,81,NA,0.04,NA
"blackie",2021-07-16,"3",28,81,NA,0.04,NA
"blackie",2021-07-16,"3",28,81,NA,0.04,NA
"blackie",2021-07-16,"3",29,84,1,0.04,25
"blackie",2021-07-16,"3",30,87,2,0.04,50
"blackie",2021-07-16,"3",30,87,NA,0.04,NA
"blackie",2021-07-16,"3",31,90,8,0.04,200
"blackie",2021-07-16,"3",31,90,NA,0.04,NA
"blackie",2021-07-16,"3",31,90,NA,0.04,NA
"blackie",2021-07-16,"3",31,90,NA,0.04,NA
"blackie",2021-07-16,"3",31,90,NA,0.04,NA
"blackie",2021-07-16,"3",31,90,NA,0.04,NA
"blackie",2021-07-16,"3",31,90,NA,0.04,NA
"blackie",2021-07-16,"3",31,90,NA,0.04,NA
"blackie",2021-07-16,"3",32,93,2,0.04,50
"blackie",2021-07-16,"3",32,93,NA,0.04,NA
"blackie",2021-07-16,"3",33,96,4,0.04,100
"blackie",2021-07-16,"3",33,96,NA,0.04,NA
"blackie",2021-07-16,"3",33,96,NA,0.04,NA
"blackie",2021-07-16,"3",33,96,NA,0.04,NA
"blackie",2021-07-16,"3",34,99,6,0.04,150
"blackie",2021-07-16,"3",34,99,NA,0.04,NA
"blackie",2021-07-16,"3",34,99,NA,0.04,NA
"blackie",2021-07-16,"3",34,99,NA,0.04,NA
"blackie",2021-07-16,"3",34,99,NA,0.04,NA
"blackie",2021-07-16,"3",34,99,NA,0.04,NA
"blackie",2021-07-16,"3",35,102,4,0.04,100
"blackie",2021-07-16,"3",35,102,NA,0.04,NA
"blackie",2021-07-16,"3",35,102,NA,0.04,NA
"blackie",2021-07-16,"3",35,102,NA,0.04,NA
"blackie",2021-07-16,"3",36,105,2,0.04,50
"blackie",2021-07-16,"3",36,105,NA,0.04,NA
"blackie",2021-07-16,"3",37,108,4,0.04,100
"blackie",2021-07-16,"3",37,108,NA,0.04,NA
"blackie",2021-07-16,"3",37,108,NA,0.04,NA
"blackie",2021-07-16,"3",37,108,NA,0.04,NA
"blackie",2021-07-16,"3",38,111,2,0.04,50
"blackie",2021-07-16,"3",38,111,NA,0.04,NA
"blackie",2021-07-16,"3",39,114,0,0.04,0
"blackie",2021-07-16,"3",40,117,3,0.04,75
"blackie",2021-07-16,"3",40,117,NA,0.04,NA
"blackie",2021-07-16,"3",40,117,NA,0.04,NA
"blackie",2021-07-16,"3",41,120,5,0.04,125
"blackie",2021-07-16,"3",41,120,NA,0.04,NA
"blackie",2021-07-16,"3",41,120,NA,0.04,NA
"blackie",2021-07-16,"3",41,120,NA,0.04,NA
"blackie",2021-07-16,"3",41,120,NA,0.04,NA
"blackie",2021-07-16,"3",43,126,2,0.04,50
"blackie",2021-07-16,"3",43,126,NA,0.04,NA
"blackie",2021-07-16,"3",44,129,8,0.04,200
"blackie",2021-07-16,"3",44,129,NA,0.04,NA
"blackie",2021-07-16,"3",44,129,NA,0.04,NA
"blackie",2021-07-16,"3",44,129,NA,0.04,NA
"blackie",2021-07-16,"3",44,129,NA,0.04,NA
"blackie",2021-07-16,"3",44,129,NA,0.04,NA
"blackie",2021-07-16,"3",44,129,NA,0.04,NA
"blackie",2021-07-16,"3",44,129,NA,0.04,NA
"blackie",2021-07-16,"3",47,138,9,0.04,225
"blackie",2021-07-16,"3",47,138,NA,0.04,NA
"blackie",2021-07-16,"3",47,138,NA,0.04,NA
"blackie",2021-07-16,"3",47,138,NA,0.04,NA
"blackie",2021-07-16,"3",47,138,NA,0.04,NA
"blackie",2021-07-16,"3",47,138,NA,0.04,NA
"blackie",2021-07-16,"3",47,138,NA,0.04,NA
"blackie",2021-07-16,"3",47,138,NA,0.04,NA
"blackie",2021-07-16,"3",47,138,NA,0.04,NA
"blackie",2021-07-16,"3",50,150,3,0.04,75
"blackie",2021-07-16,"3",50,150,NA,0.04,NA
"blackie",2021-07-16,"3",50,150,NA,0.04,NA
"blackie",2021-07-16,"3",42,123,1,0.04,25
"blackie",2021-07-16,"3",45,132,6,0.04,150
"blackie",2021-07-16,"3",45,132,NA,0.04,NA
"blackie",2021-07-16,"3",45,132,NA,0.04,NA
"blackie",2021-07-16,"3",45,132,NA,0.04,NA
"blackie",2021-07-16,"3",45,132,NA,0.04,NA
"blackie",2021-07-16,"3",45,132,NA,0.04,NA
"blackie",2021-07-16,"3",46,135,10,0.04,250
"blackie",2021-07-16,"3",46,135,NA,0.04,NA
"blackie",2021-07-16,"3",46,135,NA,0.04,NA
"blackie",2021-07-16,"3",46,135,NA,0.04,NA
"blackie",2021-07-16,"3",46,135,NA,0.04,NA
"blackie",2021-07-16,"3",46,135,NA,0.04,NA
"blackie",2021-07-16,"3",46,135,NA,0.04,NA
"blackie",2021-07-16,"3",46,135,NA,0.04,NA
"blackie",2021-07-16,"3",46,135,NA,0.04,NA
"blackie",2021-07-16,"3",46,135,NA,0.04,NA
"blackie",2021-07-16,"3",48,141,0,0.04,0
"blackie",2021-07-16,"3",49,144,0,0.04,0
"blackie",2024-05-14,"1",3,14,4,0.0625,64
"blackie",2024-05-14,"1",3,14,4,0.0625,64
"blackie",2024-05-14,"1",3,14,4,0.0625,64
"blackie",2024-05-14,"1",3,14,4,0.0625,64
"blackie",2024-05-14,"1",4,15,5,0.0625,80
"blackie",2024-05-14,"1",4,15,5,0.0625,80
"blackie",2024-05-14,"1",4,15,5,0.0625,80
"blackie",2024-05-14,"1",4,15,5,0.0625,80
"blackie",2024-05-14,"1",4,15,5,0.0625,80
"blackie",2024-05-14,"1",5,21,6,0.0625,96
"blackie",2024-05-14,"1",5,21,6,0.0625,96
"blackie",2024-05-14,"1",5,21,6,0.0625,96
"blackie",2024-05-14,"1",5,21,6,0.0625,96
"blackie",2024-05-14,"1",5,21,6,0.0625,96
"blackie",2024-05-14,"1",5,21,6,0.0625,96
"blackie",2024-05-14,"1",7,39,1,0.0625,16
"blackie",2024-05-14,"1",9,51,1,0.0625,16
"blackie",2024-05-14,"1",11,60,4,0.0625,64
"blackie",2024-05-14,"1",11,60,4,0.0625,64
"blackie",2024-05-14,"1",11,60,4,0.0625,64
"blackie",2024-05-14,"1",11,60,4,0.0625,64
"blackie",2024-05-14,"1",13,64,2,0.0625,32
"blackie",2024-05-14,"1",13,64,2,0.0625,32
"blackie",2024-05-14,"1",14,67,3,0.0625,48
"blackie",2024-05-14,"1",14,67,3,0.0625,48
"blackie",2024-05-14,"1",14,67,3,0.0625,48
"blackie",2024-05-14,"1",16,84,5,0.0625,80
"blackie",2024-05-14,"1",16,84,5,0.0625,80
"blackie",2024-05-14,"1",16,84,5,0.0625,80
"blackie",2024-05-14,"1",16,84,5,0.0625,80
"blackie",2024-05-14,"1",16,84,5,0.0625,80
"blackie",2024-05-14,"1",17,97,7,0.0625,112
"blackie",2024-05-14,"1",17,97,7,0.0625,112
"blackie",2024-05-14,"1",17,97,7,0.0625,112
"blackie",2024-05-14,"1",17,97,7,0.0625,112
"blackie",2024-05-14,"1",17,97,7,0.0625,112
"blackie",2024-05-14,"1",17,97,7,0.0625,112
"blackie",2024-05-14,"1",17,97,7,0.0625,112
"blackie",2024-05-14,"1",21,117,3,0.0625,48
"blackie",2024-05-14,"1",21,117,3,0.0625,48
"blackie",2024-05-14,"1",21,117,3,0.0625,48
"blackie",2024-05-14,"1",22,119,2,0.0625,32
"blackie",2024-05-14,"1",22,119,2,0.0625,32
"blackie",2024-05-14,"1",24,126,0,0.0625,0
"blackie",2024-05-14,"1",25,140,0,0.0625,0
"blackie",2024-05-14,"1",27,148,1,0.0625,16
"blackie",2024-05-14,"1",28,150,0,0.0625,0
"blackie",2024-05-14,"1",31,170,2,0.0625,32
"blackie",2024-05-14,"1",31,170,2,0.0625,32
"blackie",2024-05-14,"1",33,173,0,0.0625,0
"blackie",2024-05-14,"2",1,10,5,0.0625,80
"blackie",2024-05-14,"2",1,10,5,0.0625,80
"blackie",2024-05-14,"2",1,10,5,0.0625,80
"blackie",2024-05-14,"2",1,10,5,0.0625,80
"blackie",2024-05-14,"2",1,10,5,0.0625,80
"blackie",2024-05-14,"2",3,15,2,0.0625,32
"blackie",2024-05-14,"2",3,15,2,0.0625,32
"blackie",2024-05-14,"2",4,22,2,0.0625,32
"blackie",2024-05-14,"2",4,22,2,0.0625,32
"blackie",2024-05-14,"2",5,31,4,0.0625,64
"blackie",2024-05-14,"2",5,31,4,0.0625,64
"blackie",2024-05-14,"2",5,31,4,0.0625,64
"blackie",2024-05-14,"2",5,31,4,0.0625,64
"blackie",2024-05-14,"2",9,53,3,0.0625,48
"blackie",2024-05-14,"2",9,53,3,0.0625,48
"blackie",2024-05-14,"2",9,53,3,0.0625,48
"blackie",2024-05-14,"2",11,56,8,0.0625,128
"blackie",2024-05-14,"2",11,56,8,0.0625,128
"blackie",2024-05-14,"2",11,56,8,0.0625,128
"blackie",2024-05-14,"2",11,56,8,0.0625,128
"blackie",2024-05-14,"2",11,56,8,0.0625,128
"blackie",2024-05-14,"2",11,56,8,0.0625,128
"blackie",2024-05-14,"2",11,56,8,0.0625,128
"blackie",2024-05-14,"2",11,56,8,0.0625,128
"blackie",2024-05-14,"2",13,67,4,0.0625,64
"blackie",2024-05-14,"2",13,67,4,0.0625,64
"blackie",2024-05-14,"2",13,67,4,0.0625,64
"blackie",2024-05-14,"2",13,67,4,0.0625,64
"blackie",2024-05-14,"2",15,79,1,0.0625,16
"blackie",2024-05-14,"2",17,85,23,0.0625,368
"blackie",2024-05-14,"2",17,85,23,0.0625,368
"blackie",2024-05-14,"2",17,85,23,0.0625,368
"blackie",2024-05-14,"2",17,85,23,0.0625,368
"blackie",2024-05-14,"2",17,85,23,0.0625,368
"blackie",2024-05-14,"2",17,85,23,0.0625,368
"blackie",2024-05-14,"2",17,85,23,0.0625,368
"blackie",2024-05-14,"2",17,85,23,0.0625,368
"blackie",2024-05-14,"2",17,85,23,0.0625,368
"blackie",2024-05-14,"2",17,85,23,0.0625,368
"blackie",2024-05-14,"2",18,97,2,0.0625,32
"blackie",2024-05-14,"2",18,97,2,0.0625,32
"blackie",2024-05-14,"2",21,107,3,0.0625,48
"blackie",2024-05-14,"2",21,107,3,0.0625,48
"blackie",2024-05-14,"2",21,107,3,0.0625,48
"blackie",2024-05-14,"2",23,117,9,0.0625,144
"blackie",2024-05-14,"2",23,117,9,0.0625,144
"blackie",2024-05-14,"2",23,117,9,0.0625,144
"blackie",2024-05-14,"2",23,117,9,0.0625,144
"blackie",2024-05-14,"2",23,117,9,0.0625,144
"blackie",2024-05-14,"2",23,117,9,0.0625,144
"blackie",2024-05-14,"2",23,117,9,0.0625,144
"blackie",2024-05-14,"2",23,117,9,0.0625,144
"blackie",2024-05-14,"2",23,117,9,0.0625,144
"blackie",2024-05-14,"2",24,123,6,0.0625,96
"blackie",2024-05-14,"2",24,123,6,0.0625,96
"blackie",2024-05-14,"2",24,123,6,0.0625,96
"blackie",2024-05-14,"2",24,123,6,0.0625,96
"blackie",2024-05-14,"2",24,123,6,0.0625,96
"blackie",2024-05-14,"2",24,123,6,0.0625,96
"blackie",2024-05-14,"2",27,138,54,0.0625,864
"blackie",2024-05-14,"2",27,138,54,0.0625,864
"blackie",2024-05-14,"2",27,138,54,0.0625,864
"blackie",2024-05-14,"2",27,138,54,0.0625,864
"blackie",2024-05-14,"2",27,138,54,0.0625,864
"blackie",2024-05-14,"2",27,138,54,0.0625,864
"blackie",2024-05-14,"2",27,138,54,0.0625,864
"blackie",2024-05-14,"2",27,138,54,0.0625,864
"blackie",2024-05-14,"2",27,138,54,0.0625,864
"blackie",2024-05-14,"2",27,138,54,0.0625,864
"blackie",2024-05-14,"3",2,1,48,0.0625,768
"blackie",2024-05-14,"3",2,1,48,0.0625,768
"blackie",2024-05-14,"3",2,1,48,0.0625,768
"blackie",2024-05-14,"3",2,1,48,0.0625,768
"blackie",2024-05-14,"3",2,1,48,0.0625,768
"blackie",2024-05-14,"3",2,1,48,0.0625,768
"blackie",2024-05-14,"3",2,1,48,0.0625,768
"blackie",2024-05-14,"3",2,1,48,0.0625,768
"blackie",2024-05-14,"3",2,1,48,0.0625,768
"blackie",2024-05-14,"3",2,1,48,0.0625,768
"blackie",2024-05-14,"3",4,19,3,0.0625,48
"blackie",2024-05-14,"3",4,19,3,0.0625,48
"blackie",2024-05-14,"3",4,19,3,0.0625,48
"blackie",2024-05-14,"3",6,33,4,0.0625,64
"blackie",2024-05-14,"3",6,33,4,0.0625,64
"blackie",2024-05-14,"3",6,33,4,0.0625,64
"blackie",2024-05-14,"3",6,33,4,0.0625,64
"blackie",2024-05-14,"3",7,39,2,0.0625,32
"blackie",2024-05-14,"3",7,39,2,0.0625,32
"blackie",2024-05-14,"3",8,44,6,0.0625,96
"blackie",2024-05-14,"3",8,44,6,0.0625,96
"blackie",2024-05-14,"3",8,44,6,0.0625,96
"blackie",2024-05-14,"3",8,44,6,0.0625,96
"blackie",2024-05-14,"3",8,44,6,0.0625,96
"blackie",2024-05-14,"3",8,44,6,0.0625,96
"blackie",2024-05-14,"3",10,50,3,0.0625,48
"blackie",2024-05-14,"3",10,50,3,0.0625,48
"blackie",2024-05-14,"3",10,50,3,0.0625,48
"blackie",2024-05-14,"3",12,61,4,0.0625,64
"blackie",2024-05-14,"3",12,61,4,0.0625,64
"blackie",2024-05-14,"3",12,61,4,0.0625,64
"blackie",2024-05-14,"3",12,61,4,0.0625,64
"blackie",2024-05-14,"3",15,76,2,0.0625,32
"blackie",2024-05-14,"3",15,76,2,0.0625,32
"blackie",2024-05-14,"3",16,82,2,0.0625,32
"blackie",2024-05-14,"3",16,82,2,0.0625,32
"blackie",2024-05-14,"3",17,84,0,0.0625,0
"blackie",2024-05-14,"3",20,106,0,0.0625,0
"blackie",2024-05-14,"3",23,115,0,0.0625,0
"blackie",2024-05-14,"3",24,126,2,0.0625,32
"blackie",2024-05-14,"3",24,126,2,0.0625,32
"blackie",2024-05-14,"3",26,131,0,0.0625,0
NA,NA,NA,1,NA,NA,0.0625,NA
"crescent",2024-05-20,"1",1,5,3,0.0625,48
"crescent",2024-05-20,"1",1,5,3,0.0625,48
"crescent",2024-05-20,"1",1,5,3,0.0625,48
"crescent",2024-05-20,"1",2,11,10,0.0625,160
"crescent",2024-05-20,"1",2,11,10,0.0625,160
"crescent",2024-05-20,"1",2,11,10,0.0625,160
"crescent",2024-05-20,"1",2,11,10,0.0625,160
"crescent",2024-05-20,"1",2,11,10,0.0625,160
"crescent",2024-05-20,"1",2,11,10,0.0625,160
"crescent",2024-05-20,"1",2,11,10,0.0625,160
"crescent",2024-05-20,"1",2,11,10,0.0625,160
"crescent",2024-05-20,"1",2,11,10,0.0625,160
"crescent",2024-05-20,"1",2,11,10,0.0625,160
"crescent",2024-05-20,"1",6,31,14,0.0625,224
"crescent",2024-05-20,"1",6,31,14,0.0625,224
"crescent",2024-05-20,"1",6,31,14,0.0625,224
"crescent",2024-05-20,"1",6,31,14,0.0625,224
"crescent",2024-05-20,"1",6,31,14,0.0625,224
"crescent",2024-05-20,"1",6,31,14,0.0625,224
"crescent",2024-05-20,"1",6,31,14,0.0625,224
"crescent",2024-05-20,"1",6,31,14,0.0625,224
"crescent",2024-05-20,"1",6,31,14,0.0625,224
"crescent",2024-05-20,"1",6,31,14,0.0625,224
"crescent",2024-05-20,"1",7,39,1,0.0625,16
"crescent",2024-05-20,"1",8,43,0,0.0625,0
"crescent",2024-05-20,"1",10,58,0,0.0625,0
"crescent",2024-05-20,"1",15,75,1,0.0625,16
"crescent",2024-05-20,"1",12,61,1,0.0625,16
"crescent",2024-05-20,"1",17,97,2,0.0625,32
"crescent",2024-05-20,"1",17,97,2,0.0625,32
"crescent",2024-05-20,"1",18,100,1,0.0625,16
"crescent",2024-05-20,"1",20,111,1,0.0625,16
"crescent",2024-05-20,"1",19,104,0,0.0625,0
"crescent",2024-05-20,"1",23,121,0,0.0625,0
"crescent",2024-05-20,"1",24,126,0,0.0625,0
"crescent",2024-05-20,"1",26,143,0,0.0625,0
"crescent",2024-05-20,"1",29,151,0,0.0625,0
"crescent",2024-05-20,"1",32,171,1,0.0625,16
"crescent",2024-05-20,"1",30,168,0,0.0625,0
"crescent",2024-05-20,"1",34,184,0,0.0625,0
"crescent",2024-05-20,"1",35,185,0,0.0625,0
"crescent",2024-05-20,"2",2,13,24,0.0625,384
"crescent",2024-05-20,"2",2,13,24,0.0625,384
"crescent",2024-05-20,"2",2,13,24,0.0625,384
"crescent",2024-05-20,"2",2,13,24,0.0625,384
"crescent",2024-05-20,"2",2,13,24,0.0625,384
"crescent",2024-05-20,"2",2,13,24,0.0625,384
"crescent",2024-05-20,"2",2,13,24,0.0625,384
"crescent",2024-05-20,"2",2,13,24,0.0625,384
"crescent",2024-05-20,"2",2,13,24,0.0625,384
"crescent",2024-05-20,"2",2,13,24,0.0625,384
"crescent",2024-05-20,"2",3,15,24,0.0625,384
"crescent",2024-05-20,"2",3,15,24,0.0625,384
"crescent",2024-05-20,"2",3,15,24,0.0625,384
"crescent",2024-05-20,"2",3,15,24,0.0625,384
"crescent",2024-05-20,"2",3,15,24,0.0625,384
"crescent",2024-05-20,"2",3,15,24,0.0625,384
"crescent",2024-05-20,"2",3,15,24,0.0625,384
"crescent",2024-05-20,"2",3,15,24,0.0625,384
"crescent",2024-05-20,"2",3,15,24,0.0625,384
"crescent",2024-05-20,"2",3,15,24,0.0625,384
"crescent",2024-05-20,"2",7,38,0,0.0625,0
"crescent",2024-05-20,"2",6,35,2,0.0625,32
"crescent",2024-05-20,"2",6,35,2,0.0625,32
"crescent",2024-05-20,"2",8,45,1,0.0625,16
"crescent",2024-05-20,"2",10,55,0,0.0625,0
"crescent",2024-05-20,"2",12,66,1,0.0625,16
"crescent",2024-05-20,"2",14,75,0,0.0625,0
"crescent",2024-05-20,"2",16,83,1,0.0625,16
"crescent",2024-05-20,"2",19,99,0,0.0625,0
"crescent",2024-05-20,"2",22,111,0,0.0625,0
"crescent",2024-05-20,"2",20,101,0,0.0625,0
"crescent",2024-05-20,"2",25,127,0,0.0625,0
"crescent",2024-05-20,"2",26,137,0,0.0625,0
"crescent",2024-05-20,"2",28,148,0,0.0625,0
"crescent",2024-05-20,"2",29,155,0,0.0625,0
"crescent",2024-05-20,"2",31,174,2,0.0625,32
"crescent",2024-05-20,"2",31,174,2,0.0625,32
"crescent",2024-05-20,"2",30,161,0,0.0625,0
"crescent",2024-05-20,"2",33,199,0,0.0625,0
"crescent",2024-05-20,"2",32,195,1,0.0625,16
"crescent",2024-05-20,"3",1,0,6,0.0625,96
"crescent",2024-05-20,"3",1,0,6,0.0625,96
"crescent",2024-05-20,"3",1,0,6,0.0625,96
"crescent",2024-05-20,"3",1,0,6,0.0625,96
"crescent",2024-05-20,"3",1,0,6,0.0625,96
"crescent",2024-05-20,"3",1,0,6,0.0625,96
"crescent",2024-05-20,"3",3,5,13,0.0625,208
"crescent",2024-05-20,"3",3,5,13,0.0625,208
"crescent",2024-05-20,"3",3,5,13,0.0625,208
"crescent",2024-05-20,"3",3,5,13,0.0625,208
"crescent",2024-05-20,"3",3,5,13,0.0625,208
"crescent",2024-05-20,"3",3,5,13,0.0625,208
"crescent",2024-05-20,"3",3,5,13,0.0625,208
"crescent",2024-05-20,"3",3,5,13,0.0625,208
"crescent",2024-05-20,"3",3,5,13,0.0625,208
"crescent",2024-05-20,"3",3,5,13,0.0625,208
"crescent",2024-05-20,"3",5,28,16,0.0625,256
"crescent",2024-05-20,"3",5,28,16,0.0625,256
"crescent",2024-05-20,"3",5,28,16,0.0625,256
"crescent",2024-05-20,"3",5,28,16,0.0625,256
"crescent",2024-05-20,"3",5,28,16,0.0625,256
"crescent",2024-05-20,"3",5,28,16,0.0625,256
"crescent",2024-05-20,"3",5,28,16,0.0625,256
"crescent",2024-05-20,"3",5,28,16,0.0625,256
"crescent",2024-05-20,"3",5,28,16,0.0625,256
"crescent",2024-05-20,"3",5,28,16,0.0625,256
"crescent",2024-05-20,"3",6,33,1,0.0625,16
"crescent",2024-05-20,"3",9,47,2,0.0625,32
"crescent",2024-05-20,"3",9,47,2,0.0625,32
"crescent",2024-05-20,"3",11,58,7,0.0625,112
"crescent",2024-05-20,"3",11,58,7,0.0625,112
"crescent",2024-05-20,"3",11,58,7,0.0625,112
"crescent",2024-05-20,"3",11,58,7,0.0625,112
"crescent",2024-05-20,"3",11,58,7,0.0625,112
"crescent",2024-05-20,"3",11,58,7,0.0625,112
"crescent",2024-05-20,"3",11,58,7,0.0625,112
"crescent",2024-05-20,"3",13,65,0,0.0625,0
"crescent",2024-05-20,"3",14,75,0,0.0625,0
"crescent",2024-05-20,"3",18,90,1,0.0625,16
"crescent",2024-05-20,"3",19,96,0,0.0625,0
"crescent",2024-05-20,"3",22,112,0,0.0625,0
"crescent",2024-05-20,"3",21,108,0,0.0625,0
"crescent",2024-05-20,"3",25,128,0,0.0625,0
"crescent",2024-05-20,"3",27,138,0,0.0625,0
"crescent",2024-05-20,"3",29,151,0,0.0625,0
"crescent",2024-05-20,"3",28,145,1,0.0625,16
"crescent",2024-05-20,"3",31,171,4,0.0625,64
"crescent",2024-05-20,"3",31,171,4,0.0625,64
"crescent",2024-05-20,"3",31,171,4,0.0625,64
"crescent",2024-05-20,"3",31,171,4,0.0625,64
"crescent",2024-05-20,"3",30,160,3,0.0625,48
"crescent",2024-05-20,"3",30,160,3,0.0625,48
"crescent",2024-05-20,"3",30,160,3,0.0625,48
"crescent",2024-05-20,"3",32,181,0,0.0625,0
"crescent",2024-05-20,"3",33,200,1,0.0625,16
"blackie_spit",2025-06-24,"1",1,9,37,0.09,411.111111111111
"blackie_spit",2025-06-24,"1",2,29,22,0.09,244.444444444444
"blackie_spit",2025-06-24,"1",3,37,8,0.09,88.8888888888889
"blackie_spit",2025-06-24,"1",4,57,31,0.09,344.444444444444
"blackie_spit",2025-06-24,"1",5,70,10,0.09,111.111111111111
"blackie_spit",2025-06-24,"1",6,82,1,0.25,4
"blackie_spit",2025-06-24,"1",7,93,0,0.25,0
"blackie_spit",2025-06-24,"1",8,119,0,0.25,0
"blackie_spit",2025-06-24,"1",9,128,2,0.25,8
"blackie_spit",2025-06-24,"1",10,146,3,0.09,33.3333333333333
"blackie_spit",2025-06-24,"2",1,1,41,0.09,455.555555555556
"blackie_spit",2025-06-24,"2",2,34,5,0.09,55.5555555555556
"blackie_spit",2025-06-24,"2",3,42,9,0.09,100
"blackie_spit",2025-06-24,"2",4,57,15,0.09,166.666666666667
"blackie_spit",2025-06-24,"2",5,81,18,0.09,200
"blackie_spit",2025-06-24,"2",6,92,11,0.09,122.222222222222
"blackie_spit",2025-06-24,"2",7,112,10,0.09,111.111111111111
"blackie_spit",2025-06-24,"2",8,143,1,0.25,4
"blackie_spit",2025-06-24,"2",9,149,1,0.25,4
"blackie_spit",2025-06-24,"2",10,167,1,0.09,11.1111111111111
"blackie_spit",2025-06-24,"3",1,7,16,0.09,177.777777777778
"blackie_spit",2025-06-24,"3",2,16,11,0.09,122.222222222222
"blackie_spit",2025-06-24,"3",3,45,12,0.09,133.333333333333
"blackie_spit",2025-06-24,"3",4,54,2,0.09,22.2222222222222
"blackie_spit",2025-06-24,"3",5,73,5,0.09,55.5555555555556
"blackie_spit",2025-06-24,"3",6,87,42,0.09,466.666666666667
"blackie_spit",2025-06-24,"3",7,102,8,0.09,88.8888888888889
"blackie_spit",2025-06-24,"3",8,122,9,0.09,100
"blackie_spit",2025-06-24,"3",9,140,2,0.09,22.2222222222222
"blackie_spit",2025-06-24,"3",10,144,1,0.09,11.1111111111111
"crescent",2025-06-25,"1",1,18,3,0.09,33.3333333333333
"crescent",2025-06-25,"1",2,38,6,0.09,66.6666666666667
"crescent",2025-06-25,"1",3,44,2,0.09,22.2222222222222
"crescent",2025-06-25,"1",4,62,1,0.09,11.1111111111111
"crescent",2025-06-25,"1",5,94,2,0.09,22.2222222222222
"crescent",2025-06-25,"1",6,119,8,0.09,88.8888888888889
"crescent",2025-06-25,"1",7,139,5,0.09,55.5555555555556
"crescent",2025-06-25,"1",8,155,5,0.09,55.5555555555556
"crescent",2025-06-25,"1",9,170,1,0.09,11.1111111111111
"crescent",2025-06-25,"1",10,180,1,0.09,11.1111111111111
"crescent",2025-06-25,"2",1,13,2,0.09,22.2222222222222
"crescent",2025-06-25,"2",2,21,5,0.09,55.5555555555556
"crescent",2025-06-25,"2",3,45,3,0.09,33.3333333333333
"crescent",2025-06-25,"2",4,69,3,0.25,12
"crescent",2025-06-25,"2",5,99,1,0.09,11.1111111111111
"crescent",2025-06-25,"2",6,119,1,0.09,11.1111111111111
"crescent",2025-06-25,"2",7,127,2,0.09,22.2222222222222
"crescent",2025-06-25,"2",8,148,3,0.09,33.3333333333333
"crescent",2025-06-25,"2",9,173,2,0.09,22.2222222222222
"crescent",2025-06-25,"2",10,187,3,0.09,33.3333333333333
"crescent",2025-06-25,"3",1,5,14,0.09,155.555555555556
"crescent",2025-06-25,"3",2,38,10,0.09,111.111111111111
"crescent",2025-06-25,"3",3,48,3,0.09,33.3333333333333
"crescent",2025-06-25,"3",4,77,1,0.09,11.1111111111111
"crescent",2025-06-25,"3",5,85,0,0.25,0
"crescent",2025-06-25,"3",6,112,1,0.25,4
"crescent",2025-06-25,"3",7,136,5,0.25,20
"crescent",2025-06-25,"3",8,158,8,0.09,88.8888888888889
"crescent",2025-06-25,"3",9,163,4,0.09,44.4444444444444
"crescent",2025-06-25,"3",10,190,1,0.09,11.1111111111111
"centennial_beach",2025-06-26,"1",1,4,65,0.09,722.222222222222
"centennial_beach",2025-06-26,"1",2,30,7,0.09,77.7777777777778
"centennial_beach",2025-06-26,"1",3,52,4,0.09,44.4444444444444
"centennial_beach",2025-06-26,"1",4,66,18,0.09,200
"centennial_beach",2025-06-26,"1",5,89,26,0.09,288.888888888889
"centennial_beach",2025-06-26,"1",6,119,11,0.09,122.222222222222
"centennial_beach",2025-06-26,"1",7,138,46,0.09,511.111111111111
"centennial_beach",2025-06-26,"1",8,143,55,0.09,611.111111111111
"centennial_beach",2025-06-26,"1",9,162,10,0.09,111.111111111111
"centennial_beach",2025-06-26,"1",10,185,3,0.09,33.3333333333333
"centennial_beach",2025-06-26,"2",1,8,285,0.09,3166.66666666667
"centennial_beach",2025-06-26,"2",2,33,10,0.09,111.111111111111
"centennial_beach",2025-06-26,"2",3,58,36,0.09,400
"centennial_beach",2025-06-26,"2",4,74,24,0.09,266.666666666667
"centennial_beach",2025-06-26,"2",5,87,22,0.09,244.444444444444
"centennial_beach",2025-06-26,"2",6,109,10,0.09,111.111111111111
"centennial_beach",2025-06-26,"2",7,121,27,0.09,300
"centennial_beach",2025-06-26,"2",8,156,1,0.09,11.1111111111111
"centennial_beach",2025-06-26,"2",9,171,4,0.09,44.4444444444444
"centennial_beach",2025-06-26,"2",10,188,17,0.09,188.888888888889
"centennial_beach",2025-06-26,"3",1,17,147,0.09,1633.33333333333
"centennial_beach",2025-06-26,"3",2,33,53,0.09,588.888888888889
"centennial_beach",2025-06-26,"3",3,42,16,0.09,177.777777777778
"centennial_beach",2025-06-26,"3",4,63,34,0.09,377.777777777778
"centennial_beach",2025-06-26,"3",5,92,38,0.09,422.222222222222
"centennial_beach",2025-06-26,"3",6,108,25,0.09,277.777777777778
"centennial_beach",2025-06-26,"3",7,129,10,0.09,111.111111111111
"centennial_beach",2025-06-26,"3",8,151,22,0.09,244.444444444444
"centennial_beach",2025-06-26,"3",9,179,11,0.09,122.222222222222
"centennial_beach",2025-06-26,"3",10,186,2,0.09,22.2222222222222
"hornby",2025-07-09,"1",1,3,0,0.25,0
"hornby",2025-07-09,"1",2,6,0,0.25,0
"hornby",2025-07-09,"1",3,10,193,0.09,2144.44444444444
"hornby",2025-07-09,"1",4,13,42,0.09,466.666666666667
"hornby",2025-07-09,"1",5,19,0,0.25,0
"hornby",2025-07-09,"1",6,21,0,0.25,0
"hornby",2025-07-09,"1",7,27,0,0.25,0
"hornby",2025-07-09,"1",8,29,0,0.25,0
"hornby",2025-07-09,"1",9,33,0,0.25,0
"hornby",2025-07-09,"1",10,37,0,0.25,0
"hornby",2025-07-09,"2",1,4,0,0.25,0
"hornby",2025-07-09,"2",2,5,0,0.25,0
"hornby",2025-07-09,"2",3,11,66,0.25,264
"hornby",2025-07-09,"2",4,13,1,0.09,11.1111111111111
"hornby",2025-07-09,"2",5,20,15,0.09,166.666666666667
"hornby",2025-07-09,"2",6,22,54,0.09,600
"hornby",2025-07-09,"2",7,27,175,0.09,1944.44444444444
"hornby",2025-07-09,"2",8,31,65,0.09,722.222222222222
"hornby",2025-07-09,"2",9,35,0,0.25,0
"hornby",2025-07-09,"2",10,39,10,0.25,40
"hornby",2025-07-09,"3",1,1,3,0.25,12
"hornby",2025-07-09,"3",2,6,0,0.25,0
"hornby",2025-07-09,"3",3,11,0,0.25,0
"hornby",2025-07-09,"3",4,13,0,0.25,0
"hornby",2025-07-09,"3",5,17,0,0.25,0
"hornby",2025-07-09,"3",6,24,0,0.25,0
"hornby",2025-07-09,"3",7,25,2,0.25,8
"hornby",2025-07-09,"3",8,32,2,0.25,8
"hornby",2025-07-09,"3",9,33,0,0.25,0
"hornby",2025-07-09,"3",10,37,0,0.25,0
"deep_bay",2025-07-10,"1",1,3,120,0.09,1333.33333333333
"deep_bay",2025-07-10,"1",2,14,63,0.09,700
"deep_bay",2025-07-10,"1",3,25,60,0.09,666.666666666667
"deep_bay",2025-07-10,"1",4,39,85,0.09,944.444444444444
"deep_bay",2025-07-10,"1",5,42,133,0.09,1477.77777777778
"deep_bay",2025-07-10,"1",6,53,131,0.09,1455.55555555556
"deep_bay",2025-07-10,"1",7,68,69,0.09,766.666666666667
"deep_bay",2025-07-10,"1",8,76,64,0.09,711.111111111111
"deep_bay",2025-07-10,"1",9,88,81,0.09,900
"deep_bay",2025-07-10,"1",10,95,163,0.09,1811.11111111111
"deep_bay",2025-07-10,"2",1,3,42,0.09,466.666666666667
"deep_bay",2025-07-10,"2",2,19,34,0.09,377.777777777778
"deep_bay",2025-07-10,"2",3,29,86,0.09,955.555555555556
"deep_bay",2025-07-10,"2",4,34,61,0.09,677.777777777778
"deep_bay",2025-07-10,"2",5,48,92,0.09,1022.22222222222
"deep_bay",2025-07-10,"2",6,60,160,0.09,1777.77777777778
"deep_bay",2025-07-10,"2",7,63,142,0.09,1577.77777777778
"deep_bay",2025-07-10,"2",8,76,30,0.09,333.333333333333
"deep_bay",2025-07-10,"2",9,82,31,0.09,344.444444444444
"deep_bay",2025-07-10,"2",10,97,64,0.09,711.111111111111
"deep_bay",2025-07-10,"3",1,4,39,0.09,433.333333333333
"deep_bay",2025-07-10,"3",2,19,54,0.09,600
"deep_bay",2025-07-10,"3",3,30,125,0.09,1388.88888888889
"deep_bay",2025-07-10,"3",4,39,146,0.09,1622.22222222222
"deep_bay",2025-07-10,"3",5,43,18,0.09,200
"deep_bay",2025-07-10,"3",6,59,18,0.09,200
"deep_bay",2025-07-10,"3",7,67,79,0.09,877.777777777778
"deep_bay",2025-07-10,"3",8,75,71,0.09,788.888888888889
"deep_bay",2025-07-10,"3",9,83,108,0.09,1200
"deep_bay",2025-07-10,"3",10,99,39,0.09,433.333333333333
"rathtrevor",2025-07-11,"1",1,4,70,0.09,777.777777777778
"rathtrevor",2025-07-11,"1",2,17,14,0.09,155.555555555556
"rathtrevor",2025-07-11,"1",3,27,34,0.09,377.777777777778
"rathtrevor",2025-07-11,"1",4,34,2,0.09,22.2222222222222
"rathtrevor",2025-07-11,"1",5,48,4,0.09,44.4444444444444
"rathtrevor",2025-07-11,"1",6,53,4,0.25,16
"rathtrevor",2025-07-11,"1",7,63,25,0.09,277.777777777778
"rathtrevor",2025-07-11,"1",8,72,24,0.09,266.666666666667
"rathtrevor",2025-07-11,"1",9,86,0,0.25,0
"rathtrevor",2025-07-11,"1",10,94,0,0.25,0
"rathtrevor",2025-07-11,"2",1,4,13,0.09,144.444444444444
"rathtrevor",2025-07-11,"2",2,16,4,0.09,44.4444444444444
"rathtrevor",2025-07-11,"2",3,25,5,0.09,55.5555555555556
"rathtrevor",2025-07-11,"2",4,31,14,0.09,155.555555555556
"rathtrevor",2025-07-11,"2",5,49,0,0.25,0
"rathtrevor",2025-07-11,"2",6,55,0,0.25,0
"rathtrevor",2025-07-11,"2",7,69,18,0.09,200
"rathtrevor",2025-07-11,"2",8,74,25,0.09,277.777777777778
"rathtrevor",2025-07-11,"2",9,89,8,0.09,88.8888888888889
"rathtrevor",2025-07-11,"2",10,93,9,0.09,100
"rathtrevor",2025-07-11,"3",1,4,8,0.09,88.8888888888889
"rathtrevor",2025-07-11,"3",2,16,1,0.09,11.1111111111111
"rathtrevor",2025-07-11,"3",3,25,0,0.25,0
"rathtrevor",2025-07-11,"3",4,38,54,0.09,600
"rathtrevor",2025-07-11,"3",5,43,70,0.09,777.777777777778
"rathtrevor",2025-07-11,"3",6,56,1,0.09,11.1111111111111
"rathtrevor",2025-07-11,"3",7,66,1,0.25,4
"rathtrevor",2025-07-11,"3",8,79,1,0.25,4
"rathtrevor",2025-07-11,"3",9,83,12,0.09,133.333333333333
"rathtrevor",2025-07-11,"3",10,96,81,0.09,900
"saltspring",2025-07-23,"1",1,3,26,0.09,288.888888888889
"saltspring",2025-07-23,"1",2,13,4,0.09,44.4444444444444
"saltspring",2025-07-23,"1",3,24,16,0.09,177.777777777778
"saltspring",2025-07-23,"1",4,33,55,0.09,611.111111111111
"saltspring",2025-07-23,"1",5,45,8,0.09,88.8888888888889
"saltspring",2025-07-23,"1",6,52,22,0.09,244.444444444444
"saltspring",2025-07-23,"1",7,65,37,0.09,411.111111111111
"saltspring",2025-07-23,"1",8,75,37,0.09,411.111111111111
"saltspring",2025-07-23,"1",9,85,54,0.09,600
"saltspring",2025-07-23,"1",10,93,28,0.09,311.111111111111
"saltspring",2025-07-23,"2",1,6,22,0.09,244.444444444444
"saltspring",2025-07-23,"2",2,15,63,0.09,700
"saltspring",2025-07-23,"2",3,25,44,0.09,488.888888888889
"saltspring",2025-07-23,"2",4,39,4,0.09,44.4444444444444
"saltspring",2025-07-23,"2",5,50,14,0.09,155.555555555556
"saltspring",2025-07-23,"2",6,59,20,0.09,222.222222222222
"saltspring",2025-07-23,"2",7,62,21,0.09,233.333333333333
"saltspring",2025-07-23,"2",8,72,20,0.09,222.222222222222
"saltspring",2025-07-23,"2",9,86,18,0.09,200
"saltspring",2025-07-23,"2",10,94,35,0.09,388.888888888889
"saltspring",2025-07-23,"3",1,5,30,0.09,333.333333333333
"saltspring",2025-07-23,"3",2,15,25,0.09,277.777777777778
"saltspring",2025-07-23,"3",3,28,27,0.09,300
"saltspring",2025-07-23,"3",4,37,20,0.09,222.222222222222
"saltspring",2025-07-23,"3",5,42,39,0.09,433.333333333333
"saltspring",2025-07-23,"3",6,59,38,0.09,422.222222222222
"saltspring",2025-07-23,"3",7,68,41,0.09,455.555555555556
"saltspring",2025-07-23,"3",8,75,19,0.09,211.111111111111
"saltspring",2025-07-23,"3",9,90,12,0.09,133.333333333333
"saltspring",2025-07-23,"3",10,94,35,0.09,388.888888888889
"page",2025-07-24,"1",1,17,14,0.09,155.555555555556
"page",2025-07-24,"1",2,33,11,0.09,122.222222222222
"page",2025-07-24,"1",3,55,13,0.09,144.444444444444
"page",2025-07-24,"1",4,78,13,0.09,144.444444444444
"page",2025-07-24,"1",5,84,8,0.09,88.8888888888889
"page",2025-07-24,"1",6,117,31,0.09,344.444444444444
"page",2025-07-24,"1",7,140,68,0.09,755.555555555556
"page",2025-07-24,"1",8,149,19,0.09,211.111111111111
"page",2025-07-24,"1",9,165,28,0.09,311.111111111111
"page",2025-07-24,"1",10,191,39,0.09,433.333333333333
"page",2025-07-24,"2",1,17,11,0.09,122.222222222222
"page",2025-07-24,"2",2,33,33,0.09,366.666666666667
"page",2025-07-24,"2",3,55,15,0.09,166.666666666667
"page",2025-07-24,"2",4,78,15,0.09,166.666666666667
"page",2025-07-24,"2",5,84,18,0.09,200
"page",2025-07-24,"2",6,117,14,0.09,155.555555555556
"page",2025-07-24,"2",7,140,41,0.09,455.555555555556
"page",2025-07-24,"2",8,149,31,0.09,344.444444444444
"page",2025-07-24,"2",9,165,47,0.09,522.222222222222
"page",2025-07-24,"2",10,191,33,0.09,366.666666666667
"page",2025-07-24,"3",1,11,19,0.09,211.111111111111
"page",2025-07-24,"3",2,36,17,0.09,188.888888888889
"page",2025-07-24,"3",3,44,5,0.09,55.5555555555556
"page",2025-07-24,"3",4,73,14,0.09,155.555555555556
"page",2025-07-24,"3",5,90,5,0.09,55.5555555555556
"page",2025-07-24,"3",6,118,43,0.09,477.777777777778
"page",2025-07-24,"3",7,129,18,0.09,200
"page",2025-07-24,"3",8,143,22,0.09,244.444444444444
"page",2025-07-24,"3",9,173,30,0.09,333.333333333333
"page",2025-07-24,"3",10,190,61,0.09,677.777777777778
"Valdes",2025-07-25,"1",1,0.6,9,0.09,100
"Valdes",2025-07-25,"1",2,5,9,0.09,100
"Valdes",2025-07-25,"1",3,6.1,14,0.09,155.555555555556
"Valdes",2025-07-25,"1",4,8.1,15,0.09,166.666666666667
"Valdes",2025-07-25,"1",5,10.1,11,0.09,122.222222222222
"Valdes",2025-07-25,"1",6,14.5,34,0.09,377.777777777778
"Valdes",2025-07-25,"1",7,15.7,23,0.09,255.555555555556
"Valdes",2025-07-25,"1",8,19.5,3,0.09,33.3333333333333
"Valdes",2025-07-25,"1",9,21.6,5,0.09,55.5555555555556
"Valdes",2025-07-25,"1",10,22.8,18,0.09,200
"Valdes",2025-07-25,"2",1,2.4,4,0.09,44.4444444444444
"Valdes",2025-07-25,"2",2,2.8,19,0.09,211.111111111111
"Valdes",2025-07-25,"2",3,7.3,3,0.09,33.3333333333333
"Valdes",2025-07-25,"2",4,7.7,3,0.09,33.3333333333333
"Valdes",2025-07-25,"2",5,10.1,1,0.09,11.1111111111111
"Valdes",2025-07-25,"2",6,15.1,4,0.09,44.4444444444444
"Valdes",2025-07-25,"2",7,15.7,6,0.09,66.6666666666667
"Valdes",2025-07-25,"2",8,17.6,15,0.09,166.666666666667
"Valdes",2025-07-25,"2",9,20.7,9,0.09,100
"Valdes",2025-07-25,"2",10,23.4,18,0.09,200
"Valdes",2025-07-25,"3",1,0.5,2,0.09,22.2222222222222
"Valdes",2025-07-25,"3",2,4.7,45,0.09,500
"Valdes",2025-07-25,"3",3,5.4,27,0.09,300
"Valdes",2025-07-25,"3",4,8.9,4,0.09,44.4444444444444
"Valdes",2025-07-25,"3",5,12,24,0.09,266.666666666667
"Valdes",2025-07-25,"3",6,14.6,23,0.09,255.555555555556
"Valdes",2025-07-25,"3",7,15.9,12,0.09,133.333333333333
"Valdes",2025-07-25,"3",8,19.9,3,0.09,33.3333333333333
"Valdes",2025-07-25,"3",9,21.4,8,0.09,88.8888888888889
"Valdes",2025-07-25,"3",10,22.8,10,0.09,111.111111111111
